{"NBA Champion|San Antonio Spurs|BUY NO": {"spread_pct": -3.562232452674759, "ts": 1772183471.839491}, "The Masters - Winner|Scottie Scheffler|BUY NO": {"spread_pct": -4.733687316547192, "ts": 1772183471.840007}}